Workbook

Sheet Design_Value
A1: Pollutant: | B1: PM2.5 (88101) | F1: Top 10 Highest Annual Values (μg/m3) | I1: Date of Highest Values
A2: AQS Site ID: | E2: Rank | F2: =LEFT(Daily_Year1!A2,4) | G2: =LEFT(Daily_Year2!A2,4) | H2: =LEFT(Daily_Year3!A2,4) | I2: =LEFT(Daily_Year1!A2,4) | J2: =LEFT(Daily_Year2!A2,4) | K2: =LEFT(Daily_Year3!A2,4)
A3: Site Name: | E3: 1st | F3: {=IFERROR(INDEX(Daily_Year1!C$2:C$367,_xlfn.XMATCH(1,Daily_Year1!E$2:E$367)),"")} | G3: {=IFERROR(INDEX(Daily_Year2!C$2:C$367,_xlfn.XMATCH(1,Daily_Year2!E$2:E$367)),"")} | H3: {=IFERROR(INDEX(Daily_Year3!C$2:C$367,_xlfn.XMATCH(1,Daily_Year3!E$2:E$367)),"")} | I3: {=IFERROR(INDEX(Daily_Year1!A$2:A$367,_xlfn.XMATCH(1,Daily_Year1!E$2:E$367)),"")} | J3: {=IFERROR(INDEX(Daily_Year2!A$2:A$367,_xlfn.XMATCH(1,Daily_Year2!E$2:E$367)),"")} | K3: {=IFERROR(INDEX(Daily_Year3!A$2:A$367,_xlfn.XMATCH(1,Daily_Year3!E$2:E$367)),"")}
A4: Address: | E4: 2nd | F4: {=IFERROR(INDEX(Daily_Year1!C$2:C$367,_xlfn.XMATCH(2,Daily_Year1!E$2:E$367)),"")} | G4: {=IFERROR(INDEX(Daily_Year2!C$2:C$367,_xlfn.XMATCH(2,Daily_Year2!E$2:E$367)),"")} | H4: {=IFERROR(INDEX(Daily_Year3!C$2:C$367,_xlfn.XMATCH(2,Daily_Year3!E$2:E$367)),"")} | I4: {=IFERROR(INDEX(Daily_Year1!A$2:A$367,_xlfn.XMATCH(2,Daily_Year1!E$2:E$367)),"")} | J4: {=IFERROR(INDEX(Daily_Year2!A$2:A$367,_xlfn.XMATCH(2,Daily_Year2!E$2:E$367)),"")} | K4: {=IFERROR(INDEX(Daily_Year3!A$2:A$367,_xlfn.XMATCH(2,Daily_Year3!E$2:E$367)),"")}
A5: EPA Region: | E5: 3rd | F5: {=IFERROR(INDEX(Daily_Year1!C$2:C$367,_xlfn.XMATCH(3,Daily_Year1!E$2:E$367)),"")} | G5: {=IFERROR(INDEX(Daily_Year2!C$2:C$367,_xlfn.XMATCH(3,Daily_Year2!E$2:E$367)),"")} | H5: {=IFERROR(INDEX(Daily_Year3!C$2:C$367,_xlfn.XMATCH(3,Daily_Year3!E$2:E$367)),"")} | I5: {=IFERROR(INDEX(Daily_Year1!A$2:A$367,_xlfn.XMATCH(3,Daily_Year1!E$2:E$367)),"")} | J5: {=IFERROR(INDEX(Daily_Year2!A$2:A$367,_xlfn.XMATCH(3,Daily_Year2!E$2:E$367)),"")} | K5: {=IFERROR(INDEX(Daily_Year3!A$2:A$367,_xlfn.XMATCH(3,Daily_Year3!E$2:E$367)),"")}
A6: State Name: | E6: 4th | F6: {=IFERROR(INDEX(Daily_Year1!C$2:C$367,_xlfn.XMATCH(4,Daily_Year1!E$2:E$367)),"")} | G6: {=IFERROR(INDEX(Daily_Year2!C$2:C$367,_xlfn.XMATCH(4,Daily_Year2!E$2:E$367)),"")} | H6: {=IFERROR(INDEX(Daily_Year3!C$2:C$367,_xlfn.XMATCH(4,Daily_Year3!E$2:E$367)),"")} | I6: {=IFERROR(INDEX(Daily_Year1!A$2:A$367,_xlfn.XMATCH(4,Daily_Year1!E$2:E$367)),"")} | J6: {=IFERROR(INDEX(Daily_Year2!A$2:A$367,_xlfn.XMATCH(4,Daily_Year2!E$2:E$367)),"")} | K6: {=IFERROR(INDEX(Daily_Year3!A$2:A$367,_xlfn.XMATCH(4,Daily_Year3!E$2:E$367)),"")}
A7: County Name: | E7: 5th | F7: {=IFERROR(INDEX(Daily_Year1!C$2:C$367,_xlfn.XMATCH(5,Daily_Year1!E$2:E$367)),"")} | G7: {=IFERROR(INDEX(Daily_Year2!C$2:C$367,_xlfn.XMATCH(5,Daily_Year2!E$2:E$367)),"")} | H7: {=IFERROR(INDEX(Daily_Year3!C$2:C$367,_xlfn.XMATCH(5,Daily_Year3!E$2:E$367)),"")} | I7: {=IFERROR(INDEX(Daily_Year1!A$2:A$367,_xlfn.XMATCH(5,Daily_Year1!E$2:E$367)),"")} | J7: {=IFERROR(INDEX(Daily_Year2!A$2:A$367,_xlfn.XMATCH(5,Daily_Year2!E$2:E$367)),"")} | K7: {=IFERROR(INDEX(Daily_Year3!A$2:A$367,_xlfn.XMATCH(5,Daily_Year3!E$2:E$367)),"")}
A8: Design Value Years: | C8: =CONCATENATE(A15,"-",A17) -> - | E8: 6th | F8: {=IFERROR(INDEX(Daily_Year1!C$2:C$367,_xlfn.XMATCH(6,Daily_Year1!E$2:E$367)),"")} | G8: {=IFERROR(INDEX(Daily_Year2!C$2:C$367,_xlfn.XMATCH(6,Daily_Year2!E$2:E$367)),"")} | H8: {=IFERROR(INDEX(Daily_Year3!C$2:C$367,_xlfn.XMATCH(6,Daily_Year3!E$2:E$367)),"")} | I8: {=IFERROR(INDEX(Daily_Year1!A$2:A$367,_xlfn.XMATCH(6,Daily_Year1!E$2:E$367)),"")} | J8: {=IFERROR(INDEX(Daily_Year2!A$2:A$367,_xlfn.XMATCH(6,Daily_Year2!E$2:E$367)),"")} | K8: {=IFERROR(INDEX(Daily_Year3!A$2:A$367,_xlfn.XMATCH(6,Daily_Year3!E$2:E$367)),"")}
A9: Annual Design Value (μg/m3): | C9: =IF(AND(B15 = "",B16 = "",B17 = ""),"",ROUND(AVERAGE(B15:B17),1)) | E9: 7th | F9: {=IFERROR(INDEX(Daily_Year1!C$2:C$367,_xlfn.XMATCH(7,Daily_Year1!E$2:E$367)),"")} | G9: {=IFERROR(INDEX(Daily_Year2!C$2:C$367,_xlfn.XMATCH(7,Daily_Year2!E$2:E$367)),"")} | H9: {=IFERROR(INDEX(Daily_Year3!C$2:C$367,_xlfn.XMATCH(7,Daily_Year3!E$2:E$367)),"")} | I9: {=IFERROR(INDEX(Daily_Year1!A$2:A$367,_xlfn.XMATCH(7,Daily_Year1!E$2:E$367)),"")} | J9: {=IFERROR(INDEX(Daily_Year2!A$2:A$367,_xlfn.XMATCH(7,Daily_Year2!E$2:E$367)),"")} | K9: {=IFERROR(INDEX(Daily_Year3!A$2:A$367,_xlfn.XMATCH(7,Daily_Year3!E$2:E$367)),"")}
A10: Annual DV Validity: | E10: 8th | F10: {=IFERROR(INDEX(Daily_Year1!C$2:C$367,_xlfn.XMATCH(8,Daily_Year1!E$2:E$367)),"")} | G10: {=IFERROR(INDEX(Daily_Year2!C$2:C$367,_xlfn.XMATCH(8,Daily_Year2!E$2:E$367)),"")} | H10: {=IFERROR(INDEX(Daily_Year3!C$2:C$367,_xlfn.XMATCH(8,Daily_Year3!E$2:E$367)),"")} | I10: {=IFERROR(INDEX(Daily_Year1!A$2:A$367,_xlfn.XMATCH(8,Daily_Year1!E$2:E$367)),"")} | J10: {=IFERROR(INDEX(Daily_Year2!A$2:A$367,_xlfn.XMATCH(8,Daily_Year2!E$2:E$367)),"")} | K10: {=IFERROR(INDEX(Daily_Year3!A$2:A$367,_xlfn.XMATCH(8,Daily_Year3!E$2:E$367)),"")}
A11: 24-hour Design Value (μg/m3): | C11: =IF(AND(C15 = "",C16 = "",C17 = ""),"",ROUND(AVERAGE(C15:C17),0)) | E11: 9th | F11: {=IFERROR(INDEX(Daily_Year1!C$2:C$367,_xlfn.XMATCH(9,Daily_Year1!E$2:E$367)),"")} | G11: {=IFERROR(INDEX(Daily_Year2!C$2:C$367,_xlfn.XMATCH(9,Daily_Year2!E$2:E$367)),"")} | H11: {=IFERROR(INDEX(Daily_Year3!C$2:C$367,_xlfn.XMATCH(9,Daily_Year3!E$2:E$367)),"")} | I11: {=IFERROR(INDEX(Daily_Year1!A$2:A$367,_xlfn.XMATCH(9,Daily_Year1!E$2:E$367)),"")} | J11: {=IFERROR(INDEX(Daily_Year2!A$2:A$367,_xlfn.XMATCH(9,Daily_Year2!E$2:E$367)),"")} | K11: {=IFERROR(INDEX(Daily_Year3!A$2:A$367,_xlfn.XMATCH(9,Daily_Year3!E$2:E$367)),"")}
A12: 24-hour DV Validity: | E12: 10th | F12: {=IFERROR(INDEX(Daily_Year1!C$2:C$367,_xlfn.XMATCH(10,Daily_Year1!E$2:E$367)),"")} | G12: {=IFERROR(INDEX(Daily_Year2!C$2:C$367,_xlfn.XMATCH(10,Daily_Year2!E$2:E$367)),"")} | H12: {=IFERROR(INDEX(Daily_Year3!C$2:C$367,_xlfn.XMATCH(10,Daily_Year3!E$2:E$367)),"")} | I12: {=IFERROR(INDEX(Daily_Year1!A$2:A$367,_xlfn.XMATCH(10,Daily_Year1!E$2:E$367)),"")} | J12: {=IFERROR(INDEX(Daily_Year2!A$2:A$367,_xlfn.XMATCH(10,Daily_Year2!E$2:E$367)),"")} | K12: {=IFERROR(INDEX(Daily_Year3!A$2:A$367,_xlfn.XMATCH(10,Daily_Year3!E$2:E$367)),"")}
A14: Year | B14: Annual Mean Value (μg/m3) | C14: Annual 98th Percentile Value (μg/m3) | D14: # Complete Quarters | E14: # Creditable Samples | F14: 98th Percentile Rank | H14: Year-Quarter | I14: Quarterly Mean Value (μg/m3) | J14: # Creditable Samples | K14: % Complete
A15: =LEFT(Daily_Year1!A2,4) | B15: =IF(AND(I15 = "",I16 = "",I17 = "",I18 = ""),"",AVERAGE(I15:I18)) | C15: {=IFERROR(INDEX(Daily_Year1!C2:C367,_xlfn.XMATCH(F15,Daily_Year1!E2:E367)),"")} | D15: =COUNTIF(K15:K18,">=75") -> 0 | E15: =SUM(J15:J18) -> 0 | F15: =_xlfn.FLOOR.MATH(E15/50)+1 -> 1 | H15: =CONCATENATE(LEFT(Daily_Year1!A2,4),"-Q1") -> -Q1 | I15: =IF(J15 = 0,"",AVERAGEIF(Daily_Year1!B$2:B$367,1,Daily_Year1!C$2:C$367))
A16: =LEFT(Daily_Year2!A2,4) | B16: =IF(AND(I19 = "",I20 = "",I21 = "",I22 = ""),"",AVERAGE(I19:I22)) | C16: {=IFERROR(INDEX(Daily_Year2!C2:C367,_xlfn.XMATCH(F16,Daily_Year2!E2:E367)),"")} | D16: =COUNTIF(K19:K22,">=75") -> 0 | E16: =SUM(J19:J22) -> 0 | F16: =_xlfn.FLOOR.MATH(E16/50)+1 -> 1 | H16: =CONCATENATE(LEFT(Daily_Year1!A2,4),"-Q2") -> -Q2 | I16: =IF(J16 = 0,"",AVERAGEIF(Daily_Year1!B$2:B$367,2,Daily_Year1!C$2:C$367))
A17: =LEFT(Daily_Year3!A2,4) | B17: =IF(AND(I23 = "",I24 = "",I25 = "",I26 = ""),"",AVERAGE(I23:I26)) | C17: {=IFERROR(INDEX(Daily_Year3!C2:C367,_xlfn.XMATCH(F17,Daily_Year3!E2:E367)),"")} | D17: =COUNTIF(K23:K26,">=75") -> 0 | E17: =SUM(J23:J26) -> 0 | F17: =_xlfn.FLOOR.MATH(E17/50)+1 -> 1 | H17: =CONCATENATE(LEFT(Daily_Year1!A2,4),"-Q3") -> -Q3 | I17: =IF(J17 = 0,"",AVERAGEIF(Daily_Year1!B$2:B$367,3,Daily_Year1!C$2:C$367))
H18: =CONCATENATE(LEFT(Daily_Year1!A2,4),"-Q4") -> -Q4 | I18: =IF(J18 = 0,"",AVERAGEIF(Daily_Year1!B$2:B$367,4,Daily_Year1!C$2:C$367))
H19: =CONCATENATE(LEFT(Daily_Year2!A2,4),"-Q1") -> -Q1 | I19: =IF(J19 = 0,"",AVERAGEIF(Daily_Year2!B$2:B$367,1,Daily_Year2!C$2:C$367))
H20: =CONCATENATE(LEFT(Daily_Year2!A2,4),"-Q2") -> -Q2 | I20: =IF(J20 = 0,"",AVERAGEIF(Daily_Year2!B$2:B$367,2,Daily_Year2!C$2:C$367))
H21: =CONCATENATE(LEFT(Daily_Year2!A2,4),"-Q3") -> -Q3 | I21: =IF(J21 = 0,"",AVERAGEIF(Daily_Year2!B$2:B$367,3,Daily_Year2!C$2:C$367))
H22: =CONCATENATE(LEFT(Daily_Year2!A2,4),"-Q4") -> -Q4 | I22: =IF(J22 = 0,"",AVERAGEIF(Daily_Year2!B$2:B$367,4,Daily_Year2!C$2:C$367))
H23: =CONCATENATE(LEFT(Daily_Year3!A2,4),"-Q1") -> -Q1 | I23: =IF(J23 = 0,"",AVERAGEIF(Daily_Year3!B$2:B$367,1,Daily_Year3!C$2:C$367))
H24: =CONCATENATE(LEFT(Daily_Year3!A2,4),"-Q2") -> -Q2 | I24: =IF(J24 = 0,"",AVERAGEIF(Daily_Year3!B$2:B$367,2,Daily_Year3!C$2:C$367))
H25: =CONCATENATE(LEFT(Daily_Year3!A2,4),"-Q3") -> -Q3 | I25: =IF(J25 = 0,"",AVERAGEIF(Daily_Year3!B$2:B$367,3,Daily_Year3!C$2:C$367))
H26: =CONCATENATE(LEFT(Daily_Year3!A2,4),"-Q4") -> -Q4 | I26: =IF(J26 = 0,"",AVERAGEIF(Daily_Year3!B$2:B$367,4,Daily_Year3!C$2:C$367))

Sheet Daily_Year1
A1: Date | B1: Quarter | C1: Daily Average Concentration (μg/m3) | D1: Exceptional Event Qualifiers | E1: Daily Average Concentration Rank
E2: =IF(ISBLANK(C2),"",RANK(C2,C$2:C$367,0)+COUNTIF(C$2:C2,C2)-1)
E3: =IF(ISBLANK(C3),"",RANK(C3,C$2:C$367,0)+COUNTIF(C$2:C3,C3)-1)
E4: =IF(ISBLANK(C4),"",RANK(C4,C$2:C$367,0)+COUNTIF(C$2:C4,C4)-1)
E5: =IF(ISBLANK(C5),"",RANK(C5,C$2:C$367,0)+COUNTIF(C$2:C5,C5)-1)
E6: =IF(ISBLANK(C6),"",RANK(C6,C$2:C$367,0)+COUNTIF(C$2:C6,C6)-1)
E7: =IF(ISBLANK(C7),"",RANK(C7,C$2:C$367,0)+COUNTIF(C$2:C7,C7)-1)
E8: =IF(ISBLANK(C8),"",RANK(C8,C$2:C$367,0)+COUNTIF(C$2:C8,C8)-1)
E9: =IF(ISBLANK(C9),"",RANK(C9,C$2:C$367,0)+COUNTIF(C$2:C9,C9)-1)
E10: =IF(ISBLANK(C10),"",RANK(C10,C$2:C$367,0)+COUNTIF(C$2:C10,C10)-1)
E11: =IF(ISBLANK(C11),"",RANK(C11,C$2:C$367,0)+COUNTIF(C$2:C11,C11)-1)
E12: =IF(ISBLANK(C12),"",RANK(C12,C$2:C$367,0)+COUNTIF(C$2:C12,C12)-1)
E13: =IF(ISBLANK(C13),"",RANK(C13,C$2:C$367,0)+COUNTIF(C$2:C13,C13)-1)
... E367: =IF(ISBLANK(C367),"",RANK(C367,C$2:C$367,0)+COUNTIF(C$2:C367,C367)-1)

Sheet Daily_Year2
A1: Date | B1: Quarter | C1: Daily Average Concentration (μg/m3) | D1: Exceptional Event Qualifiers | E1: Daily Average Concentration Rank
E2: =IF(ISBLANK(C2),"",RANK(C2,C$2:C$367,0)+COUNTIF(C$2:C2,C2)-1)
E3: =IF(ISBLANK(C3),"",RANK(C3,C$2:C$367,0)+COUNTIF(C$2:C3,C3)-1)
E4: =IF(ISBLANK(C4),"",RANK(C4,C$2:C$367,0)+COUNTIF(C$2:C4,C4)-1)
E5: =IF(ISBLANK(C5),"",RANK(C5,C$2:C$367,0)+COUNTIF(C$2:C5,C5)-1)
E6: =IF(ISBLANK(C6),"",RANK(C6,C$2:C$367,0)+COUNTIF(C$2:C6,C6)-1)
E7: =IF(ISBLANK(C7),"",RANK(C7,C$2:C$367,0)+COUNTIF(C$2:C7,C7)-1)
E8: =IF(ISBLANK(C8),"",RANK(C8,C$2:C$367,0)+COUNTIF(C$2:C8,C8)-1)
E9: =IF(ISBLANK(C9),"",RANK(C9,C$2:C$367,0)+COUNTIF(C$2:C9,C9)-1)
E10: =IF(ISBLANK(C10),"",RANK(C10,C$2:C$367,0)+COUNTIF(C$2:C10,C10)-1)
E11: =IF(ISBLANK(C11),"",RANK(C11,C$2:C$367,0)+COUNTIF(C$2:C11,C11)-1)
E12: =IF(ISBLANK(C12),"",RANK(C12,C$2:C$367,0)+COUNTIF(C$2:C12,C12)-1)
E13: =IF(ISBLANK(C13),"",RANK(C13,C$2:C$367,0)+COUNTIF(C$2:C13,C13)-1)
... E367: =IF(ISBLANK(C367),"",RANK(C367,C$2:C$367,0)+COUNTIF(C$2:C367,C367)-1)

Sheet Daily_Year3
A1: Date | B1: Quarter | C1: Daily Average Concentration (μg/m3) | D1: Exceptional Event Qualifiers | E1: Daily Average Concentration Rank
E2: =IF(ISBLANK(C2),"",RANK(C2,C$2:C$367,0)+COUNTIF(C$2:C2,C2)-1)
E3: =IF(ISBLANK(C3),"",RANK(C3,C$2:C$367,0)+COUNTIF(C$2:C3,C3)-1)
E4: =IF(ISBLANK(C4),"",RANK(C4,C$2:C$367,0)+COUNTIF(C$2:C4,C4)-1)
E5: =IF(ISBLANK(C5),"",RANK(C5,C$2:C$367,0)+COUNTIF(C$2:C5,C5)-1)
E6: =IF(ISBLANK(C6),"",RANK(C6,C$2:C$367,0)+COUNTIF(C$2:C6,C6)-1)
E7: =IF(ISBLANK(C7),"",RANK(C7,C$2:C$367,0)+COUNTIF(C$2:C7,C7)-1)
E8: =IF(ISBLANK(C8),"",RANK(C8,C$2:C$367,0)+COUNTIF(C$2:C8,C8)-1)
E9: =IF(ISBLANK(C9),"",RANK(C9,C$2:C$367,0)+COUNTIF(C$2:C9,C9)-1)
E10: =IF(ISBLANK(C10),"",RANK(C10,C$2:C$367,0)+COUNTIF(C$2:C10,C10)-1)
E11: =IF(ISBLANK(C11),"",RANK(C11,C$2:C$367,0)+COUNTIF(C$2:C11,C11)-1)
E12: =IF(ISBLANK(C12),"",RANK(C12,C$2:C$367,0)+COUNTIF(C$2:C12,C12)-1)
E13: =IF(ISBLANK(C13),"",RANK(C13,C$2:C$367,0)+COUNTIF(C$2:C13,C13)-1)
... E367: =IF(ISBLANK(C367),"",RANK(C367,C$2:C$367,0)+COUNTIF(C$2:C367,C367)-1)
